               epoch,      train/box_loss,      train/obj_loss,      train/cls_loss,   metrics/precision,      metrics/recall,     metrics/mAP_0.5,metrics/mAP_0.5:0.95,        val/box_loss,        val/obj_loss,        val/cls_loss,               x/lr0,               x/lr1,               x/lr2
                   0,             0.11958,            0.092605,                   0,           0.0085714,             0.16364,           0.0053442,           0.0013681,             0.13005,            0.047623,                   0,              0.0004,              0.0004,              0.0964
                   1,              0.1167,            0.094088,                   0,            0.010952,             0.20909,           0.0076546,           0.0017633,             0.12456,            0.054372,                   0,          0.00089703,          0.00089703,            0.091897
                   2,             0.11171,             0.12263,                   0,            0.019048,             0.36364,            0.013795,           0.0035633,             0.11619,            0.063847,                   0,           0.0013908,           0.0013908,            0.087391
                   3,             0.10692,             0.12197,                   0,            0.034719,                 0.5,            0.028725,           0.0066036,             0.10985,            0.068483,                   0,           0.0018812,           0.0018812,            0.082881
                   4,             0.10162,             0.12233,                   0,            0.046437,             0.37273,            0.042652,           0.0088386,             0.10076,            0.073597,                   0,           0.0023683,           0.0023683,            0.078368
                   5,            0.094901,             0.10935,                   0,            0.081438,                 0.4,            0.070313,            0.016284,            0.093775,            0.088248,                   0,           0.0028522,           0.0028522,            0.073852
                   6,             0.09249,             0.11705,                   0,            0.086415,                 0.5,            0.075457,            0.018207,            0.093343,             0.15364,                   0,           0.0033327,           0.0033327,            0.069333
                   7,            0.088781,             0.10747,                   0,             0.22179,             0.53636,             0.20329,            0.051514,            0.082111,             0.14839,                   0,           0.0038099,           0.0038099,             0.06481
                   8,            0.080044,             0.10865,                   0,             0.17065,             0.55455,              0.1849,            0.046928,            0.084937,             0.17209,                   0,           0.0042838,           0.0042838,            0.060284
                   9,            0.078369,             0.10589,                   0,             0.18126,             0.61818,             0.18262,            0.056193,            0.077686,             0.16852,                   0,           0.0047545,           0.0047545,            0.055754
                  10,            0.075323,             0.10742,                   0,             0.10331,             0.52727,            0.099133,            0.022777,            0.096568,             0.15549,                   0,           0.0052218,           0.0052218,            0.051222
                  11,            0.084914,            0.094398,                   0,             0.25242,             0.26707,             0.19844,               0.047,             0.10641,            0.098838,                   0,           0.0056858,           0.0056858,            0.046686
                  12,            0.098509,              0.0858,                   0,             0.13031,             0.41818,             0.10424,            0.021462,             0.10648,            0.078611,                   0,           0.0061466,           0.0061466,            0.042147
                  13,            0.095707,            0.080165,                   0,             0.23895,             0.32727,             0.19983,             0.06435,             0.10252,            0.076331,                   0,            0.006604,            0.006604,            0.037604
                  14,            0.092676,            0.093232,                   0,             0.24339,             0.50909,             0.25147,            0.065843,            0.098898,             0.10395,                   0,           0.0070581,           0.0070581,            0.033058
                  15,             0.08988,            0.088189,                   0,            0.096344,             0.65455,             0.10769,            0.029244,            0.092328,            0.087958,                   0,           0.0075089,           0.0075089,            0.028509
                  16,            0.087164,            0.082791,                   0,             0.27388,             0.35662,             0.23559,             0.06042,             0.10343,            0.084975,                   0,           0.0079565,           0.0079565,            0.023956
                  17,             0.09328,            0.087665,                   0,             0.09531,                 0.6,            0.094924,            0.024277,            0.099457,            0.078471,                   0,           0.0084007,           0.0084007,            0.019401
                  18,            0.089344,            0.091087,                   0,             0.32061,                 0.4,             0.34063,             0.11866,            0.092383,            0.079777,                   0,           0.0088416,           0.0088416,            0.014842
                  19,            0.086339,            0.093504,                   0,            0.089684,             0.52727,            0.081004,            0.021932,             0.10266,            0.089249,                   0,           0.0092793,           0.0092793,            0.010279
                  20,            0.098383,            0.085733,                   0,             0.10079,             0.40248,            0.092748,             0.02714,             0.10361,            0.076392,                   0,             0.00934,             0.00934,             0.00934
                  21,            0.095559,              0.0861,                   0,             0.17266,              0.6166,             0.16905,            0.051351,            0.097132,            0.063797,                   0,             0.00934,             0.00934,             0.00934
                  22,            0.086982,            0.085371,                   0,             0.33038,             0.65936,             0.33183,             0.11638,              0.0889,            0.064378,                   0,            0.009307,            0.009307,            0.009307
                  23,            0.085021,            0.088417,                   0,             0.67561,             0.61818,             0.70237,             0.22359,            0.077919,            0.078248,                   0,            0.009274,            0.009274,            0.009274
                  24,            0.080434,            0.095473,                   0,             0.30046,             0.58182,             0.40498,            0.082299,            0.091618,            0.095804,                   0,            0.009241,            0.009241,            0.009241
                  25,            0.082183,            0.092848,                   0,             0.39675,             0.49091,             0.48533,              0.2002,            0.083249,            0.078612,                   0,            0.009208,            0.009208,            0.009208
                  26,            0.077219,            0.082864,                   0,             0.65017,             0.64545,             0.64907,              0.1891,            0.076182,             0.07459,                   0,            0.009175,            0.009175,            0.009175
                  27,            0.071292,            0.092488,                   0,             0.43674,             0.57273,             0.49092,             0.13926,            0.078782,            0.092693,                   0,            0.009142,            0.009142,            0.009142
                  28,            0.078293,            0.085681,                   0,             0.22119,             0.54545,             0.31546,             0.09118,            0.087466,            0.072407,                   0,            0.009109,            0.009109,            0.009109
                  29,            0.084275,            0.083783,                   0,             0.36382,             0.73306,             0.44867,             0.17602,            0.078153,            0.064277,                   0,            0.009076,            0.009076,            0.009076
                  30,            0.072168,            0.088577,                   0,             0.49894,                 0.6,              0.4961,             0.13806,            0.074157,            0.063404,                   0,            0.009043,            0.009043,            0.009043
                  31,            0.070577,            0.096433,                   0,             0.59096,             0.66364,             0.65843,             0.20696,            0.069988,            0.074989,                   0,             0.00901,             0.00901,             0.00901
                  32,            0.072723,            0.091638,                   0,              0.2026,             0.66364,             0.19563,            0.059262,            0.086706,            0.083061,                   0,            0.008977,            0.008977,            0.008977
                  33,            0.077837,            0.086283,                   0,             0.43311,                 0.6,             0.49458,             0.19573,            0.073062,            0.077844,                   0,            0.008944,            0.008944,            0.008944
                  34,              0.0682,            0.086456,                   0,             0.50283,             0.69091,              0.5574,             0.22149,            0.068525,            0.075006,                   0,            0.008911,            0.008911,            0.008911
                  35,            0.065747,             0.09408,                   0,             0.39364,             0.67273,             0.45252,             0.14938,            0.075632,            0.070984,                   0,            0.008878,            0.008878,            0.008878
                  36,            0.072465,            0.091182,                   0,             0.27222,             0.72727,             0.33881,             0.13126,            0.074214,            0.077715,                   0,            0.008845,            0.008845,            0.008845
                  37,            0.068967,            0.089841,                   0,             0.62972,                 0.7,             0.67763,             0.20318,            0.065263,            0.065957,                   0,            0.008812,            0.008812,            0.008812
                  38,            0.062095,            0.080108,                   0,             0.70541,             0.68182,             0.73891,             0.30779,            0.062104,            0.063717,                   0,            0.008779,            0.008779,            0.008779
                  39,            0.060294,            0.091473,                   0,             0.49523,             0.70909,             0.51124,             0.15734,            0.062728,            0.073634,                   0,            0.008746,            0.008746,            0.008746
                  40,            0.060151,            0.085778,                   0,             0.38867,             0.73636,             0.48385,             0.20077,            0.064268,            0.069174,                   0,            0.008713,            0.008713,            0.008713
                  41,            0.063511,            0.092589,                   0,             0.61425,             0.75455,             0.72593,             0.25383,            0.059446,            0.066245,                   0,             0.00868,             0.00868,             0.00868
                  42,            0.059586,            0.084624,                   0,              0.6811,             0.79609,             0.75993,             0.33951,            0.057026,            0.063544,                   0,            0.008647,            0.008647,            0.008647
                  43,            0.055965,            0.086307,                   0,             0.64413,             0.75455,              0.7027,             0.25155,            0.067845,            0.068025,                   0,            0.008614,            0.008614,            0.008614
                  44,            0.065886,            0.087491,                   0,             0.41555,             0.75626,             0.46034,             0.18898,             0.06383,            0.068598,                   0,            0.008581,            0.008581,            0.008581
                  45,            0.060434,            0.083957,                   0,             0.76255,                 0.7,             0.78297,             0.28103,            0.062853,            0.062243,                   0,            0.008548,            0.008548,            0.008548
                  46,            0.055355,            0.081917,                   0,              0.8136,             0.75394,             0.83419,             0.32083,            0.057571,            0.062737,                   0,            0.008515,            0.008515,            0.008515
                  47,            0.053457,             0.09867,                   0,             0.43555,             0.76364,             0.53876,             0.20246,            0.063636,            0.084613,                   0,            0.008482,            0.008482,            0.008482
                  48,             0.06619,             0.10235,                   0,             0.59247,             0.41818,             0.49476,             0.11658,             0.07708,            0.062407,                   0,            0.008449,            0.008449,            0.008449
                  49,            0.064439,            0.087275,                   0,             0.83438,             0.69091,             0.78097,             0.35707,            0.057406,            0.065361,                   0,            0.008416,            0.008416,            0.008416
                  50,             0.05686,            0.098428,                   0,             0.72457,             0.66967,             0.74056,             0.38478,            0.053207,            0.068381,                   0,            0.008383,            0.008383,            0.008383
                  51,            0.058013,            0.087131,                   0,             0.78089,             0.62727,             0.71538,             0.17928,            0.064043,             0.06421,                   0,             0.00835,             0.00835,             0.00835
                  52,            0.058821,            0.098932,                   0,             0.67678,             0.74545,             0.77903,             0.37637,             0.05437,            0.066784,                   0,            0.008317,            0.008317,            0.008317
                  53,            0.064196,             0.08327,                   0,             0.63039,             0.62727,             0.67972,             0.17655,            0.069511,            0.063228,                   0,            0.008284,            0.008284,            0.008284
                  54,            0.057856,            0.083927,                   0,             0.80615,              0.7183,             0.81262,             0.31183,            0.060758,            0.061103,                   0,            0.008251,            0.008251,            0.008251
                  55,            0.055945,            0.083079,                   0,             0.89895,              0.7279,             0.87369,             0.35025,            0.058124,             0.06306,                   0,            0.008218,            0.008218,            0.008218
                  56,            0.052255,            0.085453,                   0,              0.6847,             0.73636,             0.79316,             0.29686,            0.055054,             0.06643,                   0,            0.008185,            0.008185,            0.008185
                  57,            0.054436,            0.089554,                   0,             0.82983,                 0.8,             0.85406,             0.35072,            0.051514,            0.064873,                   0,            0.008152,            0.008152,            0.008152
                  58,            0.050189,             0.09118,                   0,             0.80868,             0.84537,             0.89553,             0.45887,            0.046961,            0.067769,                   0,            0.008119,            0.008119,            0.008119
                  59,            0.050715,            0.081525,                   0,             0.65486,             0.54545,             0.59077,             0.14899,            0.072368,            0.064658,                   0,            0.008086,            0.008086,            0.008086
                  60,            0.064534,            0.094328,                   0,             0.74579,             0.80011,             0.86934,             0.44906,            0.050875,            0.068441,                   0,            0.008053,            0.008053,            0.008053
                  61,            0.053804,            0.094916,                   0,             0.79661,             0.78335,             0.83565,             0.31512,            0.052636,            0.061208,                   0,             0.00802,             0.00802,             0.00802
                  62,            0.049222,             0.08047,                   0,             0.83705,             0.78182,             0.86739,              0.4013,            0.048653,            0.061046,                   0,            0.007987,            0.007987,            0.007987
                  63,            0.048506,            0.080414,                   0,             0.76776,             0.81147,             0.82509,             0.35572,            0.050449,            0.065915,                   0,            0.007954,            0.007954,            0.007954
                  64,            0.049925,            0.089012,                   0,             0.86821,             0.80909,             0.88231,             0.39171,            0.050244,            0.062876,                   0,            0.007921,            0.007921,            0.007921
                  65,            0.050636,            0.084822,                   0,             0.74142,                 0.8,             0.79202,             0.37172,            0.049526,            0.063697,                   0,            0.007888,            0.007888,            0.007888
                  66,            0.046705,            0.079236,                   0,             0.90691,                 0.8,             0.90373,             0.42365,            0.048766,            0.063259,                   0,            0.007855,            0.007855,            0.007855
                  67,             0.04722,            0.085075,                   0,             0.89927,             0.79091,             0.88546,              0.4317,            0.047642,            0.062723,                   0,            0.007822,            0.007822,            0.007822
                  68,            0.048035,            0.087115,                   0,             0.90241,                 0.8,             0.89941,             0.41388,            0.048845,            0.063703,                   0,            0.007789,            0.007789,            0.007789
                  69,            0.047231,            0.076872,                   0,             0.92298,             0.76261,             0.85787,             0.32795,            0.055278,             0.06241,                   0,            0.007756,            0.007756,            0.007756
                  70,            0.048586,            0.088241,                   0,             0.86064,             0.84217,             0.90686,             0.43898,            0.046914,            0.061359,                   0,            0.007723,            0.007723,            0.007723
                  71,            0.044812,            0.070869,                   0,             0.86143,             0.73636,              0.8302,             0.23526,            0.063001,            0.063167,                   0,             0.00769,             0.00769,             0.00769
                  72,            0.057837,            0.089378,                   0,             0.79563,                 0.8,             0.83074,             0.38434,            0.049892,            0.064934,                   0,            0.007657,            0.007657,            0.007657
                  73,             0.05361,            0.083506,                   0,             0.89818,             0.84545,             0.88585,             0.43083,            0.048396,            0.062862,                   0,            0.007624,            0.007624,            0.007624
                  74,            0.044702,             0.08345,                   0,             0.91811,             0.81544,             0.89655,             0.39285,            0.049967,            0.062747,                   0,            0.007591,            0.007591,            0.007591
                  75,            0.047943,            0.083377,                   0,             0.87509,             0.83636,             0.90447,             0.48253,            0.045395,             0.06549,                   0,            0.007558,            0.007558,            0.007558
                  76,            0.051092,            0.085663,                   0,             0.85734,             0.81952,             0.87475,             0.31851,             0.05491,            0.065264,                   0,            0.007525,            0.007525,            0.007525
                  77,            0.052953,            0.083546,                   0,             0.89888,             0.84545,             0.92168,             0.51765,            0.043583,            0.060057,                   0,            0.007492,            0.007492,            0.007492
                  78,             0.04856,            0.089086,                   0,             0.91891,              0.8242,             0.91115,              0.4768,            0.044914,            0.060406,                   0,            0.007459,            0.007459,            0.007459
                  79,            0.044083,            0.084689,                   0,             0.89588,             0.86049,             0.91355,             0.48906,            0.043948,            0.062164,                   0,            0.007426,            0.007426,            0.007426
                  80,            0.045895,            0.084077,                   0,             0.91072,             0.77273,               0.882,             0.39056,            0.052067,             0.06426,                   0,            0.007393,            0.007393,            0.007393
                  81,            0.048211,            0.081545,                   0,             0.88653,             0.85235,             0.91303,             0.52732,            0.044009,            0.062179,                   0,             0.00736,             0.00736,             0.00736
                  82,            0.045594,            0.079825,                   0,             0.90514,             0.84545,             0.91071,             0.51495,            0.043488,            0.062329,                   0,            0.007327,            0.007327,            0.007327
                  83,            0.045524,            0.080083,                   0,             0.91883,             0.86364,             0.91978,             0.46422,            0.046213,            0.062958,                   0,            0.007294,            0.007294,            0.007294
                  84,            0.049563,            0.085363,                   0,             0.85284,             0.80909,             0.88217,             0.35504,             0.05459,            0.067293,                   0,            0.007261,            0.007261,            0.007261
                  85,            0.052047,            0.091219,                   0,             0.90302,             0.89091,             0.92539,             0.52113,            0.043555,            0.061702,                   0,            0.007228,            0.007228,            0.007228
                  86,             0.04559,             0.07768,                   0,             0.91408,             0.87041,             0.92441,             0.51493,            0.044053,            0.062592,                   0,            0.007195,            0.007195,            0.007195
                  87,            0.045299,             0.08417,                   0,              0.8922,             0.87273,             0.91235,             0.49089,            0.043426,            0.063741,                   0,            0.007162,            0.007162,            0.007162
                  88,            0.046834,            0.084428,                   0,             0.85955,             0.83456,             0.88862,             0.43994,            0.049465,            0.063331,                   0,            0.007129,            0.007129,            0.007129
                  89,            0.048853,            0.078662,                   0,             0.88627,             0.84545,             0.89388,              0.4335,            0.047138,            0.062268,                   0,            0.007096,            0.007096,            0.007096
                  90,            0.046095,            0.082601,                   0,             0.91317,             0.86044,             0.91732,             0.48694,            0.043773,            0.061488,                   0,            0.007063,            0.007063,            0.007063
                  91,            0.044825,            0.087388,                   0,             0.89919,             0.85455,             0.92521,             0.51466,            0.044052,             0.06251,                   0,             0.00703,             0.00703,             0.00703
                  92,             0.05052,            0.083931,                   0,             0.89615,             0.72727,              0.8246,             0.26056,            0.061299,            0.064792,                   0,            0.006997,            0.006997,            0.006997
                  93,            0.054165,            0.080544,                   0,             0.87654,             0.85455,             0.90816,             0.45405,            0.047812,            0.060722,                   0,            0.006964,            0.006964,            0.006964
                  94,            0.045388,            0.079114,                   0,             0.89978,             0.86364,             0.92991,             0.52123,            0.043241,            0.060789,                   0,            0.006931,            0.006931,            0.006931
                  95,            0.043865,            0.078081,                   0,             0.89935,             0.84545,             0.89357,               0.424,             0.04842,            0.063967,                   0,            0.006898,            0.006898,            0.006898
                  96,            0.048889,            0.077377,                   0,             0.91392,             0.86874,             0.92287,             0.49681,            0.046684,            0.062514,                   0,            0.006865,            0.006865,            0.006865
                  97,            0.047706,            0.079377,                   0,             0.91157,             0.84344,             0.91436,             0.48396,            0.044184,            0.061667,                   0,            0.006832,            0.006832,            0.006832
                  98,            0.043502,            0.078583,                   0,             0.90584,             0.83636,             0.90476,             0.47994,            0.044251,            0.061477,                   0,            0.006799,            0.006799,            0.006799
                  99,            0.042615,            0.078193,                   0,             0.91241,             0.85455,             0.91701,             0.48415,            0.043961,            0.062529,                   0,            0.006766,            0.006766,            0.006766
                 100,            0.044548,            0.086044,                   0,             0.91901,             0.85455,             0.92744,             0.46771,            0.045241,             0.06237,                   0,            0.006733,            0.006733,            0.006733
                 101,            0.042436,            0.084289,                   0,             0.90156,             0.86364,             0.92855,             0.53978,            0.041844,            0.062048,                   0,              0.0067,              0.0067,              0.0067
                 102,            0.042675,             0.07774,                   0,             0.90211,             0.85455,             0.92196,             0.49807,            0.043704,            0.062503,                   0,            0.006667,            0.006667,            0.006667
                 103,            0.043255,            0.089324,                   0,             0.89766,             0.87714,             0.93118,             0.52655,            0.042525,            0.063537,                   0,            0.006634,            0.006634,            0.006634
                 104,            0.041592,            0.074131,                   0,             0.92436,             0.85455,             0.91706,             0.46729,            0.045966,            0.064014,                   0,            0.006601,            0.006601,            0.006601
                 105,            0.042578,            0.070762,                   0,             0.91714,             0.86364,             0.92198,             0.50154,            0.043488,            0.063513,                   0,            0.006568,            0.006568,            0.006568
                 106,            0.041771,            0.073864,                   0,             0.92333,             0.84545,             0.92169,             0.47549,            0.044751,            0.064264,                   0,            0.006535,            0.006535,            0.006535
                 107,            0.041988,            0.080893,                   0,             0.90373,             0.84545,             0.91301,             0.48795,            0.044033,            0.063776,                   0,            0.006502,            0.006502,            0.006502
                 108,            0.041492,            0.078651,                   0,             0.89852,             0.88543,             0.93593,             0.47964,            0.045662,            0.065554,                   0,            0.006469,            0.006469,            0.006469
                 109,             0.04337,             0.08171,                   0,             0.88932,             0.87655,             0.91725,             0.51932,            0.042353,            0.063302,                   0,            0.006436,            0.006436,            0.006436
                 110,            0.042244,             0.07992,                   0,              0.9137,             0.86629,             0.92626,             0.51389,            0.042473,             0.06453,                   0,            0.006403,            0.006403,            0.006403
                 111,            0.041255,            0.076633,                   0,              0.9101,             0.86364,             0.92997,              0.4614,             0.04629,            0.064338,                   0,             0.00637,             0.00637,             0.00637
                 112,            0.044608,            0.081113,                   0,             0.91941,             0.85455,             0.93837,             0.53379,            0.045224,            0.062994,                   0,            0.006337,            0.006337,            0.006337
                 113,             0.04614,            0.080631,                   0,             0.95002,             0.84545,             0.93447,             0.46145,            0.045771,            0.064142,                   0,            0.006304,            0.006304,            0.006304
                 114,            0.043362,            0.082824,                   0,             0.96804,             0.84545,             0.92078,             0.49612,            0.043289,            0.063286,                   0,            0.006271,            0.006271,            0.006271
                 115,            0.042188,            0.080209,                   0,               0.939,             0.83973,             0.91052,             0.45417,            0.046831,            0.065419,                   0,            0.006238,            0.006238,            0.006238
                 116,            0.043166,            0.071488,                   0,              0.9325,             0.86364,             0.92959,             0.53825,            0.044078,            0.062356,                   0,            0.006205,            0.006205,            0.006205
                 117,            0.044421,             0.07021,                   0,             0.95068,             0.85455,             0.93482,             0.47108,            0.045332,            0.064407,                   0,            0.006172,            0.006172,            0.006172
                 118,            0.042848,            0.079139,                   0,             0.93577,             0.84545,             0.92414,             0.50588,             0.04317,            0.064315,                   0,            0.006139,            0.006139,            0.006139
                 119,            0.040566,            0.070622,                   0,             0.92614,             0.85455,              0.9207,             0.52029,            0.042125,            0.063095,                   0,            0.006106,            0.006106,            0.006106
                 120,            0.041443,            0.073328,                   0,             0.93617,             0.84545,             0.91683,              0.4476,            0.047645,            0.064295,                   0,            0.006073,            0.006073,            0.006073
                 121,            0.045507,            0.071847,                   0,             0.92252,             0.86597,             0.92415,             0.53237,            0.042611,            0.062385,                   0,             0.00604,             0.00604,             0.00604
                 122,            0.042065,             0.07696,                   0,             0.92994,             0.86364,             0.91633,             0.54111,            0.041502,            0.062138,                   0,            0.006007,            0.006007,            0.006007
                 123,            0.040528,            0.078263,                   0,             0.90043,             0.85455,             0.91201,             0.51344,            0.042733,            0.063128,                   0,            0.005974,            0.005974,            0.005974
                 124,            0.041004,            0.074124,                   0,             0.89656,              0.8668,             0.91235,             0.50735,            0.043873,            0.063303,                   0,            0.005941,            0.005941,            0.005941
                 125,            0.043244,            0.078922,                   0,             0.90793,             0.86364,             0.91667,             0.51672,            0.043039,            0.063639,                   0,            0.005908,            0.005908,            0.005908
                 126,            0.039794,            0.073985,                   0,             0.91304,             0.85455,              0.9184,             0.52161,            0.042502,            0.064078,                   0,            0.005875,            0.005875,            0.005875
                 127,             0.04129,            0.082237,                   0,             0.92757,             0.85455,             0.91774,             0.52891,            0.042635,            0.064319,                   0,            0.005842,            0.005842,            0.005842
                 128,            0.039843,            0.075571,                   0,               0.875,             0.88182,             0.91341,             0.52089,            0.042515,            0.064888,                   0,            0.005809,            0.005809,            0.005809
                 129,            0.041061,            0.077075,                   0,             0.90544,              0.8705,             0.91232,             0.46512,            0.044956,            0.065384,                   0,            0.005776,            0.005776,            0.005776
                 130,            0.039874,            0.070753,                   0,             0.87385,             0.87273,             0.90561,             0.47625,            0.044144,            0.066113,                   0,            0.005743,            0.005743,            0.005743
                 131,            0.040275,            0.071734,                   0,             0.91711,             0.82727,             0.92028,             0.49678,            0.043582,            0.065886,                   0,             0.00571,             0.00571,             0.00571
                 132,            0.041609,             0.07429,                   0,             0.85658,             0.91818,             0.93654,             0.51376,            0.044061,            0.065866,                   0,            0.005677,            0.005677,            0.005677
                 133,            0.042612,            0.075834,                   0,             0.88096,             0.87459,             0.92403,             0.51029,            0.042646,            0.064936,                   0,            0.005644,            0.005644,            0.005644
                 134,            0.041293,            0.079981,                   0,             0.87412,             0.88378,             0.92305,             0.54052,            0.041486,            0.064574,                   0,            0.005611,            0.005611,            0.005611
                 135,            0.041468,            0.078932,                   0,             0.87215,             0.89091,             0.91839,              0.4681,            0.044582,            0.066116,                   0,            0.005578,            0.005578,            0.005578
                 136,            0.040788,            0.072624,                   0,             0.88559,                 0.9,             0.92434,             0.52923,            0.042334,             0.06452,                   0,            0.005545,            0.005545,            0.005545
                 137,            0.042612,            0.075566,                   0,             0.88252,             0.88778,             0.91847,             0.48406,            0.044211,            0.066949,                   0,            0.005512,            0.005512,            0.005512
                 138,            0.041043,            0.072567,                   0,             0.88202,             0.86364,               0.914,             0.52259,            0.042537,            0.065071,                   0,            0.005479,            0.005479,            0.005479
                 139,            0.041486,            0.078366,                   0,             0.90545,             0.87273,             0.91709,             0.52793,            0.042692,            0.065535,                   0,            0.005446,            0.005446,            0.005446
                 140,            0.040717,              0.0764,                   0,             0.90939,             0.87273,             0.92757,             0.56394,             0.04233,            0.064615,                   0,            0.005413,            0.005413,            0.005413
                 141,            0.041402,            0.075261,                   0,             0.89018,             0.88428,             0.93309,             0.53027,            0.043251,            0.067156,                   0,             0.00538,             0.00538,             0.00538
                 142,            0.040398,            0.077459,                   0,             0.91266,             0.85501,             0.91711,             0.51865,            0.043191,            0.066418,                   0,            0.005347,            0.005347,            0.005347
                 143,            0.038784,            0.067548,                   0,             0.94037,             0.86027,             0.90973,             0.49295,            0.043623,            0.065466,                   0,            0.005314,            0.005314,            0.005314
                 144,            0.040255,            0.072006,                   0,             0.90155,             0.88182,             0.91764,             0.53926,            0.042865,            0.066111,                   0,            0.005281,            0.005281,            0.005281
                 145,            0.040599,            0.071462,                   0,             0.92536,             0.87273,             0.91914,             0.52275,            0.043079,            0.065538,                   0,            0.005248,            0.005248,            0.005248
                 146,            0.041656,            0.074392,                   0,             0.91411,             0.87273,              0.9267,             0.55786,            0.042517,            0.065704,                   0,            0.005215,            0.005215,            0.005215
                 147,             0.04097,            0.079655,                   0,             0.90004,             0.86364,             0.90215,             0.45344,            0.046828,            0.065682,                   0,            0.005182,            0.005182,            0.005182
                 148,            0.045787,            0.070898,                   0,             0.88224,             0.88182,             0.91132,             0.53876,            0.044164,            0.065122,                   0,            0.005149,            0.005149,            0.005149
                 149,            0.043402,            0.073949,                   0,             0.89723,             0.87308,             0.91307,             0.49583,            0.044159,            0.064927,                   0,            0.005116,            0.005116,            0.005116
                 150,            0.040207,            0.078185,                   0,             0.89635,             0.86482,             0.91487,             0.51733,            0.042299,            0.063802,                   0,            0.005083,            0.005083,            0.005083
                 151,            0.039635,            0.074194,                   0,               0.906,             0.87623,             0.91336,             0.46583,            0.044387,            0.065539,                   0,             0.00505,             0.00505,             0.00505
                 152,            0.039867,            0.068281,                   0,              0.9074,             0.89082,             0.92518,             0.56048,             0.04153,            0.064388,                   0,            0.005017,            0.005017,            0.005017
                 153,            0.043022,             0.08528,                   0,             0.90473,             0.88182,             0.91837,             0.50301,            0.043121,            0.066071,                   0,            0.004984,            0.004984,            0.004984
                 154,            0.038568,            0.068463,                   0,             0.89687,             0.87273,             0.91255,             0.52967,             0.04155,            0.064902,                   0,            0.004951,            0.004951,            0.004951
                 155,            0.038412,            0.066898,                   0,             0.91893,             0.88182,             0.91203,             0.53279,            0.042039,            0.064038,                   0,            0.004918,            0.004918,            0.004918
                 156,            0.040303,            0.072901,                   0,             0.92446,             0.89001,             0.92228,             0.54843,            0.043098,            0.067112,                   0,            0.004885,            0.004885,            0.004885
                 157,            0.041761,            0.069438,                   0,              0.9322,             0.88182,             0.91132,             0.51596,            0.043587,            0.064165,                   0,            0.004852,            0.004852,            0.004852
                 158,             0.04134,            0.079079,                   0,             0.94202,              0.8862,             0.91342,             0.53945,            0.042347,            0.063463,                   0,            0.004819,            0.004819,            0.004819
                 159,             0.03838,            0.072456,                   0,             0.92394,             0.88345,             0.91471,              0.5286,            0.042623,            0.067229,                   0,            0.004786,            0.004786,            0.004786
                 160,            0.039126,            0.068824,                   0,             0.92472,              0.8934,             0.91979,              0.5567,             0.04208,             0.06451,                   0,            0.004753,            0.004753,            0.004753
                 161,            0.040261,            0.077475,                   0,             0.92369,             0.89091,             0.92877,             0.54283,             0.04263,            0.065965,                   0,             0.00472,             0.00472,             0.00472
                 162,            0.038413,            0.070747,                   0,             0.93218,             0.87464,             0.92843,              0.5363,            0.043003,            0.065977,                   0,            0.004687,            0.004687,            0.004687
                 163,            0.039812,            0.071561,                   0,             0.93424,             0.88182,             0.91538,             0.55146,            0.041833,            0.064078,                   0,            0.004654,            0.004654,            0.004654
                 164,            0.039992,             0.08022,                   0,              0.9245,             0.89091,             0.91723,              0.5079,            0.044355,            0.066024,                   0,            0.004621,            0.004621,            0.004621
                 165,            0.039479,            0.070553,                   0,             0.93597,             0.87273,             0.90365,             0.50912,            0.043323,            0.064815,                   0,            0.004588,            0.004588,            0.004588
                 166,             0.04063,            0.074206,                   0,             0.93705,             0.87273,             0.90016,             0.51515,            0.042717,            0.064992,                   0,            0.004555,            0.004555,            0.004555
                 167,            0.039597,            0.070584,                   0,             0.92017,             0.86364,             0.90994,             0.51927,            0.042591,            0.065898,                   0,            0.004522,            0.004522,            0.004522
                 168,            0.040705,            0.075959,                   0,             0.93041,             0.85083,             0.91293,             0.50599,            0.043765,            0.067558,                   0,            0.004489,            0.004489,            0.004489
                 169,            0.039759,            0.062569,                   0,             0.93099,             0.84545,             0.91303,             0.48248,            0.044713,            0.066435,                   0,            0.004456,            0.004456,            0.004456
                 170,            0.039593,            0.069034,                   0,             0.93013,             0.85455,             0.91763,             0.49811,            0.043742,            0.065708,                   0,            0.004423,            0.004423,            0.004423
                 171,            0.038978,            0.069475,                   0,             0.87084,             0.87273,             0.92289,              0.5327,             0.04301,            0.066879,                   0,             0.00439,             0.00439,             0.00439
                 172,            0.041651,            0.080496,                   0,             0.90898,             0.86364,             0.92302,             0.55526,            0.041451,            0.065074,                   0,            0.004357,            0.004357,            0.004357
                 173,            0.039701,            0.073186,                   0,             0.90522,             0.86822,             0.92653,             0.55452,            0.041461,            0.065607,                   0,            0.004324,            0.004324,            0.004324
                 174,            0.038576,            0.069031,                   0,             0.90602,             0.87644,             0.91884,             0.55444,            0.041498,            0.065751,                   0,            0.004291,            0.004291,            0.004291
                 175,            0.039865,            0.076309,                   0,             0.89175,             0.88182,             0.91886,             0.53346,            0.042444,            0.066799,                   0,            0.004258,            0.004258,            0.004258
                 176,            0.039155,            0.072884,                   0,             0.89011,             0.88363,             0.91284,             0.53762,            0.041996,            0.065638,                   0,            0.004225,            0.004225,            0.004225
                 177,            0.039184,            0.072584,                   0,             0.89048,                 0.9,             0.91659,             0.53951,            0.042477,            0.066283,                   0,            0.004192,            0.004192,            0.004192
                 178,            0.037843,            0.070357,                   0,             0.91246,             0.87273,             0.91856,              0.5583,            0.041909,            0.065822,                   0,            0.004159,            0.004159,            0.004159
                 179,            0.038589,            0.068585,                   0,              0.8965,             0.86621,             0.91223,             0.53265,            0.042648,            0.066578,                   0,            0.004126,            0.004126,            0.004126
                 180,            0.039323,            0.075226,                   0,             0.89737,             0.89091,             0.92222,             0.57283,            0.041791,            0.065871,                   0,            0.004093,            0.004093,            0.004093
                 181,            0.039456,            0.066189,                   0,             0.89804,             0.88081,             0.91474,             0.54765,            0.041967,            0.066042,                   0,             0.00406,             0.00406,             0.00406
                 182,            0.039157,            0.073177,                   0,             0.88539,             0.89091,             0.92294,             0.55982,            0.041788,            0.065984,                   0,            0.004027,            0.004027,            0.004027
                 183,            0.038191,            0.074085,                   0,             0.89093,                 0.9,             0.91976,             0.56342,             0.04145,            0.065285,                   0,            0.003994,            0.003994,            0.003994
                 184,            0.037905,            0.069929,                   0,             0.91983,             0.88182,             0.92045,             0.55129,            0.041873,            0.066348,                   0,            0.003961,            0.003961,            0.003961
                 185,            0.039124,            0.071882,                   0,             0.90975,             0.87273,             0.92413,             0.56281,            0.041212,            0.065942,                   0,            0.003928,            0.003928,            0.003928
                 186,            0.038024,            0.073439,                   0,             0.92785,             0.87273,              0.9153,             0.56526,            0.040972,            0.065392,                   0,            0.003895,            0.003895,            0.003895
                 187,            0.037857,            0.068835,                   0,             0.92346,             0.87273,             0.92874,             0.57206,            0.041558,            0.066302,                   0,            0.003862,            0.003862,            0.003862
                 188,            0.038758,            0.072086,                   0,             0.92399,             0.86364,              0.9196,             0.55595,            0.041344,            0.065555,                   0,            0.003829,            0.003829,            0.003829
                 189,            0.037214,            0.064287,                   0,             0.93183,             0.86985,             0.91729,              0.5452,            0.041967,            0.066015,                   0,            0.003796,            0.003796,            0.003796
                 190,            0.038093,            0.067735,                   0,             0.93178,             0.86917,             0.91428,             0.54693,            0.041642,            0.065468,                   0,            0.003763,            0.003763,            0.003763
                 191,            0.038147,            0.070032,                   0,              0.9319,             0.87082,             0.90653,             0.53385,            0.041766,            0.065399,                   0,             0.00373,             0.00373,             0.00373
                 192,            0.037425,            0.067431,                   0,             0.92254,             0.86621,             0.90637,             0.52552,            0.042644,            0.065366,                   0,            0.003697,            0.003697,            0.003697
                 193,            0.038254,            0.066306,                   0,             0.91422,             0.87198,             0.91378,             0.54238,            0.041611,            0.065407,                   0,            0.003664,            0.003664,            0.003664
                 194,            0.039032,            0.073592,                   0,             0.90506,             0.87273,             0.92052,             0.54602,            0.041478,            0.065448,                   0,            0.003631,            0.003631,            0.003631
                 195,            0.037503,            0.069139,                   0,             0.90474,             0.88182,             0.91697,             0.53563,            0.041846,            0.065001,                   0,            0.003598,            0.003598,            0.003598
                 196,            0.038737,            0.071547,                   0,             0.90302,             0.88182,             0.92558,             0.55866,            0.040711,            0.064417,                   0,            0.003565,            0.003565,            0.003565
                 197,            0.038913,            0.068877,                   0,             0.89521,             0.88182,             0.91967,             0.54843,             0.04128,             0.06469,                   0,            0.003532,            0.003532,            0.003532
                 198,            0.039753,              0.0752,                   0,             0.89072,             0.88915,             0.91569,             0.56222,            0.040824,             0.06462,                   0,            0.003499,            0.003499,            0.003499
                 199,             0.03824,            0.067539,                   0,             0.89755,             0.87611,             0.92157,             0.52954,            0.042699,            0.065502,                   0,            0.003466,            0.003466,            0.003466
                 200,            0.037645,             0.06912,                   0,             0.89816,             0.88191,              0.9205,             0.57894,            0.040855,            0.064401,                   0,            0.003433,            0.003433,            0.003433
                 201,            0.039688,             0.07637,                   0,              0.9023,             0.89091,             0.92757,             0.56365,            0.041577,            0.065909,                   0,              0.0034,              0.0034,              0.0034
                 202,            0.038171,            0.075324,                   0,             0.90068,             0.89091,             0.92783,             0.57526,            0.041291,            0.065662,                   0,            0.003367,            0.003367,            0.003367
                 203,            0.038719,             0.07638,                   0,             0.89896,             0.88967,             0.92042,             0.54723,            0.041962,            0.064832,                   0,            0.003334,            0.003334,            0.003334
                 204,            0.037617,            0.062001,                   0,             0.88271,             0.87273,             0.91799,             0.55821,            0.041224,             0.06574,                   0,            0.003301,            0.003301,            0.003301
                 205,            0.037896,            0.069293,                   0,             0.88046,             0.89091,             0.92496,             0.55752,            0.041524,            0.064876,                   0,            0.003268,            0.003268,            0.003268
                 206,            0.037665,            0.062042,                   0,             0.91979,             0.87273,             0.92541,             0.56015,             0.04152,             0.06492,                   0,            0.003235,            0.003235,            0.003235
                 207,            0.038032,            0.067155,                   0,             0.90139,             0.88182,             0.93293,             0.56042,            0.041699,            0.065974,                   0,            0.003202,            0.003202,            0.003202
                 208,            0.036346,            0.059202,                   0,             0.88636,             0.89091,             0.92909,             0.56347,             0.04143,            0.065106,                   0,            0.003169,            0.003169,            0.003169
                 209,            0.039125,            0.073919,                   0,             0.89176,             0.89876,             0.92968,             0.58517,            0.040619,            0.064955,                   0,            0.003136,            0.003136,            0.003136
                 210,            0.038778,            0.073441,                   0,             0.89257,                 0.9,             0.92563,             0.58625,            0.040675,            0.064988,                   0,            0.003103,            0.003103,            0.003103
                 211,            0.036598,            0.065995,                   0,             0.90386,                 0.9,             0.92584,             0.57425,            0.040779,            0.065359,                   0,             0.00307,             0.00307,             0.00307
                 212,            0.036852,            0.065781,                   0,             0.90519,                 0.9,             0.92634,             0.57217,            0.041168,             0.06569,                   0,            0.003037,            0.003037,            0.003037
                 213,            0.037398,            0.073942,                   0,             0.90656,                 0.9,             0.92994,             0.57183,            0.041204,            0.066128,                   0,            0.003004,            0.003004,            0.003004
                 214,            0.038793,            0.070731,                   0,             0.90793,             0.89654,             0.93177,             0.56374,            0.041419,            0.066534,                   0,            0.002971,            0.002971,            0.002971
                 215,            0.036568,            0.067434,                   0,             0.89528,                 0.9,             0.92801,             0.57006,            0.040997,            0.066434,                   0,            0.002938,            0.002938,            0.002938
                 216,             0.03642,            0.067663,                   0,             0.92242,             0.86364,             0.92263,             0.56453,            0.041447,            0.067231,                   0,            0.002905,            0.002905,            0.002905
                 217,            0.035857,            0.066078,                   0,             0.91163,             0.86364,             0.92167,             0.55199,            0.041402,            0.066886,                   0,            0.002872,            0.002872,            0.002872
                 218,            0.037056,            0.065056,                   0,             0.92646,             0.86364,             0.91555,             0.54662,             0.04145,            0.066863,                   0,            0.002839,            0.002839,            0.002839
                 219,            0.037917,            0.073087,                   0,             0.91345,             0.87273,             0.92042,               0.554,            0.041591,            0.066207,                   0,            0.002806,            0.002806,            0.002806
                 220,            0.037261,            0.065929,                   0,             0.87931,             0.89091,             0.92061,             0.56127,             0.04104,             0.06639,                   0,            0.002773,            0.002773,            0.002773
                 221,            0.037947,            0.071787,                   0,             0.88282,              0.8904,             0.92731,             0.57223,            0.040954,            0.066108,                   0,             0.00274,             0.00274,             0.00274
                 222,             0.03811,            0.076098,                   0,             0.88199,             0.88327,             0.92408,             0.57074,            0.040701,             0.06544,                   0,            0.002707,            0.002707,            0.002707
                 223,            0.036773,            0.065596,                   0,             0.88213,             0.88182,             0.92859,              0.5763,            0.041086,            0.066115,                   0,            0.002674,            0.002674,            0.002674
                 224,            0.038488,            0.067195,                   0,             0.88738,             0.88182,             0.92629,             0.56404,            0.041026,            0.066075,                   0,            0.002641,            0.002641,            0.002641
                 225,            0.038052,            0.073676,                   0,             0.88969,             0.87986,              0.9228,             0.58269,            0.040861,            0.066022,                   0,            0.002608,            0.002608,            0.002608
                 226,             0.03679,            0.062934,                   0,             0.89273,             0.87273,             0.92195,             0.57601,            0.041163,            0.066168,                   0,            0.002575,            0.002575,            0.002575
                 227,            0.038772,            0.073387,                   0,             0.91478,             0.87826,             0.92885,             0.57155,            0.041545,            0.067227,                   0,            0.002542,            0.002542,            0.002542
                 228,            0.037642,            0.066457,                   0,             0.90562,             0.88182,             0.93361,             0.55633,            0.041556,            0.066894,                   0,            0.002509,            0.002509,            0.002509
                 229,            0.035376,            0.059766,                   0,             0.91505,              0.8813,             0.93033,             0.55426,            0.041616,            0.067106,                   0,            0.002476,            0.002476,            0.002476
                 230,            0.037798,            0.070849,                   0,             0.90678,             0.88434,              0.9302,             0.55972,            0.041576,            0.067305,                   0,            0.002443,            0.002443,            0.002443
                 231,            0.037305,            0.068907,                   0,             0.89806,             0.88098,             0.93296,             0.57499,            0.041172,            0.067033,                   0,             0.00241,             0.00241,             0.00241
                 232,            0.036994,            0.071792,                   0,             0.89863,             0.88649,             0.93338,             0.57004,            0.041861,             0.06746,                   0,            0.002377,            0.002377,            0.002377
                 233,            0.037323,            0.068571,                   0,             0.89982,                 0.9,             0.93866,             0.57595,            0.041245,            0.066783,                   0,            0.002344,            0.002344,            0.002344
                 234,            0.036522,            0.065498,                   0,             0.89864,             0.88663,             0.92993,             0.57071,            0.041218,            0.066904,                   0,            0.002311,            0.002311,            0.002311
                 235,            0.034981,            0.058636,                   0,             0.89115,             0.89313,             0.92664,             0.56541,            0.041453,            0.067163,                   0,            0.002278,            0.002278,            0.002278
                 236,             0.03739,            0.067157,                   0,             0.89643,                 0.9,             0.91873,             0.57999,            0.041045,            0.066892,                   0,            0.002245,            0.002245,            0.002245
                 237,             0.03729,            0.066967,                   0,             0.89702,                 0.9,             0.92284,             0.57756,            0.040845,            0.066702,                   0,            0.002212,            0.002212,            0.002212
                 238,            0.037311,            0.068633,                   0,             0.89702,                 0.9,             0.92375,             0.57824,            0.040965,            0.066662,                   0,            0.002179,            0.002179,            0.002179
                 239,            0.036284,            0.065234,                   0,              0.8966,             0.89091,             0.91977,             0.54543,            0.041901,            0.066831,                   0,            0.002146,            0.002146,            0.002146
                 240,            0.037108,             0.06367,                   0,             0.89686,             0.89091,             0.92097,             0.58515,            0.041091,            0.066179,                   0,            0.002113,            0.002113,            0.002113
                 241,            0.038506,            0.074952,                   0,             0.89729,                 0.9,             0.92598,             0.59316,            0.040864,            0.066193,                   0,             0.00208,             0.00208,             0.00208
                 242,             0.03773,            0.073614,                   0,             0.89925,                 0.9,             0.93061,              0.5913,            0.040919,            0.066295,                   0,            0.002047,            0.002047,            0.002047
                 243,            0.036145,            0.065523,                   0,             0.89998,             0.89981,             0.93176,             0.57861,            0.041083,            0.066542,                   0,            0.002014,            0.002014,            0.002014
                 244,            0.036873,            0.069175,                   0,             0.89859,             0.88611,             0.91734,             0.57542,            0.041098,            0.066388,                   0,            0.001981,            0.001981,            0.001981
                 245,            0.036479,             0.06517,                   0,             0.89846,              0.8849,             0.92179,             0.57359,            0.041409,            0.066715,                   0,            0.001948,            0.001948,            0.001948
                 246,            0.037966,            0.069851,                   0,             0.87769,             0.88182,             0.91815,             0.56985,            0.041577,            0.066932,                   0,            0.001915,            0.001915,            0.001915
                 247,            0.038994,            0.072451,                   0,             0.87647,             0.88182,             0.91395,             0.57476,            0.041355,              0.0672,                   0,            0.001882,            0.001882,            0.001882
                 248,            0.038471,            0.073552,                   0,             0.88113,             0.87607,             0.91444,             0.58337,            0.041172,            0.066761,                   0,            0.001849,            0.001849,            0.001849
                 249,            0.035762,            0.064464,                   0,             0.87547,             0.88182,             0.91332,             0.57404,             0.04132,            0.066669,                   0,            0.001816,            0.001816,            0.001816
                 250,            0.037065,             0.07054,                   0,              0.8743,             0.88182,             0.91328,             0.56638,            0.041322,            0.066475,                   0,            0.001783,            0.001783,            0.001783
                 251,            0.037433,            0.073873,                   0,             0.88263,             0.88875,             0.91705,             0.57231,            0.041201,             0.06668,                   0,             0.00175,             0.00175,             0.00175
                 252,             0.03513,            0.057756,                   0,             0.87778,             0.89091,             0.91796,             0.57187,             0.04144,            0.067214,                   0,            0.001717,            0.001717,            0.001717
                 253,            0.036456,            0.067898,                   0,             0.92247,             0.84545,             0.91719,             0.56872,            0.041534,            0.067505,                   0,            0.001684,            0.001684,            0.001684
                 254,            0.037534,             0.06637,                   0,             0.93063,             0.85374,             0.91233,             0.57187,             0.04143,            0.067612,                   0,            0.001651,            0.001651,            0.001651
                 255,            0.039356,            0.072562,                   0,             0.92148,             0.85357,              0.9169,             0.56958,            0.041598,            0.068022,                   0,            0.001618,            0.001618,            0.001618
                 256,            0.035057,            0.061783,                   0,             0.93184,             0.86995,             0.91914,               0.551,            0.041978,            0.068316,                   0,            0.001585,            0.001585,            0.001585
                 257,            0.039208,            0.081207,                   0,             0.93188,             0.87063,             0.92096,             0.55458,            0.041777,            0.068154,                   0,            0.001552,            0.001552,            0.001552
                 258,            0.035988,            0.062066,                   0,              0.9325,             0.87916,              0.9258,             0.55566,            0.041699,             0.06822,                   0,            0.001519,            0.001519,            0.001519
                 259,            0.036189,             0.06711,                   0,             0.93061,             0.88182,             0.92712,             0.56164,            0.041516,            0.067921,                   0,            0.001486,            0.001486,            0.001486
                 260,            0.036179,            0.062292,                   0,             0.90808,             0.87273,             0.92717,             0.56686,            0.041372,            0.067839,                   0,            0.001453,            0.001453,            0.001453
                 261,            0.037196,            0.066401,                   0,             0.89283,                 0.9,             0.92269,             0.57105,            0.041348,            0.067925,                   0,             0.00142,             0.00142,             0.00142
                 262,             0.03582,            0.069769,                   0,              0.8905,                 0.9,             0.92264,             0.56649,            0.041514,            0.068173,                   0,            0.001387,            0.001387,            0.001387
                 263,             0.03516,            0.064054,                   0,             0.90775,             0.89454,             0.92277,              0.5633,            0.041247,             0.06806,                   0,            0.001354,            0.001354,            0.001354
                 264,            0.035922,            0.068244,                   0,             0.90743,                 0.9,             0.92006,             0.56601,            0.041265,            0.067982,                   0,            0.001321,            0.001321,            0.001321
                 265,            0.036928,            0.068538,                   0,             0.89515,                 0.9,             0.91935,             0.55613,            0.041413,            0.067877,                   0,            0.001288,            0.001288,            0.001288
                 266,            0.036662,            0.068012,                   0,             0.89922,             0.89226,             0.92611,              0.5611,            0.041335,            0.067633,                   0,            0.001255,            0.001255,            0.001255
                 267,            0.036134,            0.062197,                   0,             0.88869,                 0.9,             0.92217,             0.55413,            0.041453,            0.067756,                   0,            0.001222,            0.001222,            0.001222
                 268,            0.036031,            0.062475,                   0,             0.88771,                 0.9,              0.9264,             0.55642,            0.041386,            0.067953,                   0,            0.001189,            0.001189,            0.001189
                 269,            0.037891,            0.073661,                   0,             0.88802,                 0.9,             0.92242,             0.56137,            0.041169,            0.067836,                   0,            0.001156,            0.001156,            0.001156
                 270,            0.036736,             0.06498,                   0,             0.88776,                 0.9,             0.92203,             0.56966,            0.041132,            0.067979,                   0,            0.001123,            0.001123,            0.001123
                 271,            0.036309,            0.065177,                   0,             0.88879,                 0.9,             0.92586,             0.56238,            0.041195,            0.068141,                   0,             0.00109,             0.00109,             0.00109
                 272,            0.037614,            0.069074,                   0,             0.89545,                 0.9,             0.92665,             0.55336,             0.04157,            0.068392,                   0,            0.001057,            0.001057,            0.001057
                 273,            0.037396,            0.068887,                   0,             0.89838,                 0.9,             0.92771,             0.55376,            0.041669,            0.068453,                   0,            0.001024,            0.001024,            0.001024
                 274,            0.035821,            0.063637,                   0,             0.89981,                 0.9,             0.92762,             0.55343,            0.041588,            0.068441,                   0,            0.000991,            0.000991,            0.000991
                 275,            0.036667,            0.067392,                   0,             0.89842,                 0.9,             0.92186,             0.56257,            0.041484,             0.06839,                   0,            0.000958,            0.000958,            0.000958
                 276,            0.036677,             0.06815,                   0,             0.90796,             0.89685,             0.92674,             0.56352,            0.041323,            0.068376,                   0,            0.000925,            0.000925,            0.000925
                 277,            0.034764,            0.062636,                   0,             0.90639,                 0.9,             0.92471,             0.56097,            0.041229,            0.068316,                   0,            0.000892,            0.000892,            0.000892
                 278,            0.036409,            0.065655,                   0,             0.90587,                 0.9,             0.92891,             0.56815,            0.041167,            0.068243,                   0,            0.000859,            0.000859,            0.000859
                 279,            0.035806,            0.070736,                   0,             0.90566,                 0.9,             0.92708,             0.57305,             0.04126,            0.068286,                   0,            0.000826,            0.000826,            0.000826
                 280,            0.035332,            0.064779,                   0,             0.90748,                 0.9,             0.92964,             0.56621,              0.0415,            0.068469,                   0,            0.000793,            0.000793,            0.000793
                 281,            0.037714,            0.071077,                   0,             0.89903,                 0.9,             0.92876,             0.56123,            0.041467,            0.068411,                   0,             0.00076,             0.00076,             0.00076
                 282,            0.035394,            0.068078,                   0,              0.8996,                 0.9,             0.92808,             0.56764,            0.041588,            0.068653,                   0,            0.000727,            0.000727,            0.000727
                 283,            0.035255,            0.064432,                   0,             0.90802,                 0.9,             0.92662,             0.56691,            0.041563,            0.068564,                   0,            0.000694,            0.000694,            0.000694
                 284,            0.036192,            0.068934,                   0,             0.90764,             0.89337,             0.92853,              0.5691,            0.041576,            0.068479,                   0,            0.000661,            0.000661,            0.000661
                 285,            0.034654,            0.064297,                   0,             0.90784,             0.89554,             0.92815,             0.57223,            0.041526,            0.068501,                   0,            0.000628,            0.000628,            0.000628
                 286,            0.035099,            0.067294,                   0,             0.90768,             0.89382,             0.93036,              0.5754,            0.041499,            0.068507,                   0,            0.000595,            0.000595,            0.000595
                 287,            0.038334,            0.064594,                   0,             0.90785,              0.8957,              0.9272,             0.57473,            0.041465,            0.068551,                   0,            0.000562,            0.000562,            0.000562
                 288,            0.036569,            0.069077,                   0,             0.90751,             0.89198,             0.92667,             0.57585,            0.041423,            0.068543,                   0,            0.000529,            0.000529,            0.000529
                 289,            0.035447,            0.066554,                   0,             0.90727,             0.88949,             0.92667,             0.57126,            0.041418,            0.068554,                   0,            0.000496,            0.000496,            0.000496
                 290,            0.036502,            0.066014,                   0,             0.90718,              0.8885,             0.92628,             0.56466,            0.041448,            0.068747,                   0,            0.000463,            0.000463,            0.000463
                 291,            0.035287,            0.063744,                   0,             0.90711,             0.88777,             0.92645,             0.56467,            0.041514,             0.06903,                   0,             0.00043,             0.00043,             0.00043
                 292,            0.035833,            0.067102,                   0,              0.9071,             0.88771,             0.92508,              0.5632,            0.041468,            0.068968,                   0,            0.000397,            0.000397,            0.000397
                 293,            0.038333,             0.07363,                   0,             0.90718,             0.88856,             0.92657,             0.57023,            0.041383,            0.068983,                   0,            0.000364,            0.000364,            0.000364
                 294,            0.034337,            0.066154,                   0,             0.90727,             0.88947,             0.92633,             0.57006,            0.041375,            0.068905,                   0,            0.000331,            0.000331,            0.000331
                 295,            0.036285,            0.064937,                   0,             0.90719,             0.88861,             0.92878,              0.5743,            0.041405,            0.069027,                   0,            0.000298,            0.000298,            0.000298
                 296,            0.037479,            0.069264,                   0,             0.90728,             0.88956,             0.92804,              0.5734,            0.041397,            0.069138,                   0,            0.000265,            0.000265,            0.000265
                 297,            0.034693,            0.061226,                   0,             0.90722,             0.88895,             0.92793,             0.57295,            0.041413,            0.069088,                   0,            0.000232,            0.000232,            0.000232
                 298,            0.035843,            0.067227,                   0,             0.90721,             0.88888,             0.92768,             0.57229,            0.041388,             0.06915,                   0,            0.000199,            0.000199,            0.000199
                 299,            0.035955,            0.061599,                   0,             0.90722,             0.88898,             0.92749,             0.57182,            0.041397,            0.069267,                   0,            0.000166,            0.000166,            0.000166
